{"date": "2025-11-30", "questions": {"easy": {"latex": "\\int_{0}^{2} 2x^4 \\, dx", "answer": 12.8, "answer_type": "numeric", "integrand": "2*x**4", "bounds": [0, 2]}, "medium": {"latex": "\\int 1e^{2x} \\, dx", "answer": "\\frac{e^{2 x}}{2}", "answer_symbolic": "exp(2*x)/2", "answer_type": "indefinite", "integrand": "exp(2*x)"}, "hard": {"latex": "\\int \\sin^3(x) \\cdot \\cos(x) \\, dx", "answer": "\\frac{\\sin^{4}{\\left(x \\right)}}{4}", "answer_symbolic": "sin(x)**4/4", "answer_type": "indefinite", "integrand": "sin(x)**3*cos(x)"}}}